dia,mean
0,23.145003378378377
1,31.781505731225298
2,60.68555785714286
3,101.0923111111111
4,89.68827291666668
5,110.21230357142856
